radio,channel,width,rssi_maks,titik_terkuat,x_est,y_est,keyakinan
00:e6:3a:50:e7:4c,40,20,-85.0,L4-011,811.7964087734372,370.3443359882768,rendah (lantai/area lain)
00:e6:3a:51:03:4c,48,20,-80.0,L4-025,912.8397061009381,578.9925347205357,rendah (lantai/area lain)
28:b3:71:ab:d3:91,48,20,-44.2,L4-009,505.289820526307,381.52410524391064,tinggi
28:b3:71:af:48:e1,48,20,-82.0,L4-004,286.0,503.0,rendah (lantai/area lain)
b4:79:c8:ae:45:dc,149,40,-89.0,L4-023,1005.0,543.0,rendah (lantai/area lain)
c0:c7:0a:98:34:11,44,20,-45.0,L4-027,851.4944219156193,453.6131995699647,tinggi
c0:c7:0a:98:34:d1,153,20,-45.6,L4-014,1086.453492391727,218.92553970234218,tinggi
c0:c7:0a:98:38:b1,161,20,-45.6,L4-028,1024.2245748043294,463.2658326157953,tinggi
c0:c7:0a:98:3a:52,36,20,-40.5,L4-015,941.162779944577,220.87514254537444,tinggi
c0:c7:0a:98:3a:c1,40,20,-41.8,L4-006,505.8425267844691,420.43001192385736,tinggi
c8:a6:08:8b:1e:a1,153,20,-54.3,L4-007,267.28501672159155,299.46944935176623,tinggi
c8:a6:08:8b:3e:01,157,20,-37.6,L4-004,242.73874074057562,392.06952566482937,tinggi
e8:10:98:82:0b:20,44,40,-90.0,L4-025,917.5,526.4999999999999,rendah (lantai/area lain)
