titik_id,x_px,y_px,n_radio_terlihat,rssi1,rssi2,bssid1,radio1,channel1,width1,cci,snr,util1,sta1,down_mbps,up_mbps,rtt_avg_ms,jitter_ms,loss_pct,status,penyebab_utama,penyebab
L4-001,213.0,249.0,12,-38.8,-56.2,c8:a6:08:8b:3e:01,c8:a6:08:8b:3e:01,157,20,2,,67.7,41.333333333333336,,,44.95,12.95,0.0,PERHATIAN,kanal padat (util 68%),kanal padat (util 68%)
L4-002,359.0,249.0,15,-43.5,-53.0,c8:a6:08:8b:3e:01,c8:a6:08:8b:3e:01,157,20,3,,42.06666666666667,39.666666666666664,,,,,,PERHATIAN,co-channel interference (3 radio),co-channel interference (3 radio)
L4-003,504.0,248.0,12,-47.0,-48.0,c0:c7:0a:98:3a:c1,c0:c7:0a:98:3a:c1,40,20,1,,55.166666666666664,26.666666666666668,,,,,,PERHATIAN,kanal padat (util 55%),kanal padat (util 55%)
L4-004,215.0,505.0,11,-37.6,-59.5,c8:a6:08:8b:3e:01,c8:a6:08:8b:3e:01,157,20,2,,72.3,40.333333333333336,,,67.55,58.15,0.0,PERHATIAN,kanal padat (util 72%),kanal padat (util 72%); latensi tinggi
L4-005,357.0,501.0,15,-51.3,-51.8,c8:a6:08:8b:3e:01,c8:a6:08:8b:3e:01,157,20,3,,68.23333333333333,39.666666666666664,,,,,,PERHATIAN,co-channel interference (3 radio),co-channel interference (3 radio); kanal padat (util 68%)
L4-006,507.0,502.0,14,-41.8,-43.3,c0:c7:0a:98:3a:c1,c0:c7:0a:98:3a:c1,40,20,1,,56.1,27.0,,,,,,PERHATIAN,kanal padat (util 56%),kanal padat (util 56%)
L4-007,213.0,381.0,14,-43.8,-54.3,c8:a6:08:8b:3e:01,c8:a6:08:8b:3e:01,157,20,3,,82.60000000000001,54.0,,,106.17,9.69,0.0,PERHATIAN,co-channel interference (3 radio),co-channel interference (3 radio); kanal padat (util 83%); latensi tinggi
L4-008,363.0,381.0,13,-41.4,-54.6,c8:a6:08:8b:3e:01,c8:a6:08:8b:3e:01,157,20,3,,60.5,54.666666666666664,,,,,,PERHATIAN,co-channel interference (3 radio),co-channel interference (3 radio); kanal padat (util 60%)
L4-009,505.0,379.0,12,-43.2,-44.2,c0:c7:0a:98:3a:c1,c0:c7:0a:98:3a:c1,40,20,1,,62.6,29.0,,,,,,PERHATIAN,kanal padat (util 63%),kanal padat (util 63%)
L4-010,653.0,381.0,16,-47.7,-55.2,c8:a6:08:8b:3e:01,c8:a6:08:8b:3e:01,157,20,3,,73.33333333333333,54.666666666666664,,,,,,PERHATIAN,co-channel interference (3 radio),co-channel interference (3 radio); kanal padat (util 73%)
L4-011,763.0,282.0,11,-53.6,-73.0,c0:c7:0a:98:3a:52,c0:c7:0a:98:3a:52,36,20,0,,73.60000000000001,62.333333333333336,,,,,,PERHATIAN,kanal padat (util 74%),kanal padat (util 74%)
L4-012,851.0,310.0,8,-50.0,-63.7,c0:c7:0a:98:3a:52,c0:c7:0a:98:3a:52,36,20,0,,79.60000000000001,59.333333333333336,,,,,,PERHATIAN,kanal padat (util 80%),kanal padat (util 80%)
L4-013,1003.0,308.0,7,-42.0,-56.0,c0:c7:0a:98:3a:52,c0:c7:0a:98:3a:52,36,20,0,,17.133333333333333,35.333333333333336,,,,,,BAIK,,
L4-014,1145.0,308.0,7,-43.4,-45.6,c0:c7:0a:98:3a:52,c0:c7:0a:98:3a:52,36,20,0,,69.93333333333334,42.333333333333336,,,,,,PERHATIAN,kanal padat (util 70%),kanal padat (util 70%)
L4-015,848.0,178.0,5,-40.5,-60.0,c0:c7:0a:98:3a:52,c0:c7:0a:98:3a:52,36,20,0,,53.6,59.0,,,51.2,21.85,0.0,PERHATIAN,kanal padat (util 54%),kanal padat (util 54%); latensi tinggi
L4-016,1004.0,197.0,5,-41.5,-60.0,c0:c7:0a:98:3a:52,c0:c7:0a:98:3a:52,36,20,0,,71.0,57.0,,,50.45,23.01,0.0,PERHATIAN,kanal padat (util 71%),kanal padat (util 71%); latensi tinggi
L4-017,1142.0,194.0,6,-43.7,-53.7,c0:c7:0a:98:3a:52,c0:c7:0a:98:3a:52,36,20,0,,84.06666666666666,41.0,,,,,,PERHATIAN,kanal padat (util 84%),kanal padat (util 84%)
L4-018,999.0,108.0,6,-43.3,-46.7,c0:c7:0a:98:3a:52,c0:c7:0a:98:3a:52,36,20,0,,77.13333333333334,53.0,,,,,,PERHATIAN,kanal padat (util 77%),kanal padat (util 77%)
L4-019,1238.0,144.0,6,-59.0,-61.8,c0:c7:0a:98:34:d1,c0:c7:0a:98:34:d1,153,20,0,,63.1,17.0,,,,,,PERHATIAN,kanal padat (util 63%),kanal padat (util 63%)
L4-020,1243.0,378.0,8,-55.4,-59.9,c0:c7:0a:98:3a:52,c0:c7:0a:98:3a:52,36,20,0,,52.26666666666667,35.0,,,,,,PERHATIAN,kanal padat (util 52%),kanal padat (util 52%)
L4-021,1247.0,607.0,4,-68.0,-71.9,c0:c7:0a:98:34:d1,c0:c7:0a:98:34:d1,153,20,0,,82.4,21.0,,,,,,PERHATIAN,RSSI marginal,RSSI marginal; kanal padat (util 82%)
L4-022,1140.0,563.0,6,-59.2,-61.6,c0:c7:0a:98:38:b1,c0:c7:0a:98:38:b1,161,20,0,,59.23333333333333,13.666666666666666,,,209.12,168.28,0.0,PERHATIAN,kanal padat (util 59%),kanal padat (util 59%); latensi tinggi
L4-023,1002.0,639.0,6,-52.0,-55.2,c0:c7:0a:98:3a:52,c0:c7:0a:98:3a:52,36,20,0,,62.0,40.0,,,45.01,13.2,0.0,PERHATIAN,kanal padat (util 62%),kanal padat (util 62%)
L4-024,1005.0,558.0,4,-52.0,-56.1,c0:c7:0a:98:3a:52,c0:c7:0a:98:3a:52,36,20,0,,62.0,40.0,,,92.05,91.51,0.0,PERHATIAN,kanal padat (util 62%),kanal padat (util 62%); latensi tinggi
L4-025,827.0,606.0,11,-56.0,-57.8,c0:c7:0a:98:38:b1,c0:c7:0a:98:38:b1,161,20,0,,2.7,12.0,,,,,,BAIK,,
L4-026,762.0,489.0,8,-51.9,-57.7,c0:c7:0a:98:34:11,c0:c7:0a:98:34:11,44,20,0,,55.699999999999996,50.333333333333336,,,,,,PERHATIAN,kanal padat (util 56%),kanal padat (util 56%)
L4-027,855.0,447.0,8,-45.0,-59.9,c0:c7:0a:98:34:11,c0:c7:0a:98:34:11,44,20,1,,48.63333333333333,14.333333333333334,,,,,,BAIK,,
L4-028,1008.0,447.0,10,-45.6,-49.8,c0:c7:0a:98:38:b1,c0:c7:0a:98:38:b1,161,20,0,,73.33333333333333,11.333333333333334,,,,,,PERHATIAN,kanal padat (util 73%),kanal padat (util 73%)
L4-029,1144.0,442.0,8,-53.7,-57.8,c0:c7:0a:98:38:b1,c0:c7:0a:98:38:b1,161,20,0,,48.13333333333333,22.333333333333332,,,,,,BAIK,,
