waktu,bssid,rssi_dbm,sumber,pindah
10:31:09,c0:c7:0a:98:34:11,-61,iw,
10:31:10,c0:c7:0a:98:34:11,-61,iw,
10:31:11,c0:c7:0a:98:34:11,-61,iw,
10:31:12,c0:c7:0a:98:34:11,-60,iw,
10:31:13,c0:c7:0a:98:34:11,-61,iw,
10:31:14,c0:c7:0a:98:34:11,-58,iw,
10:31:15,c0:c7:0a:98:34:11,-61,iw,
10:31:16,c0:c7:0a:98:34:11,-61,iw,
10:31:17,c0:c7:0a:98:34:11,-60,iw,
10:31:18,c0:c7:0a:98:34:11,-62,iw,
10:31:19,c0:c7:0a:98:34:11,-61,iw,
10:31:20,c0:c7:0a:98:34:11,-60,iw,
10:31:21,c0:c7:0a:98:34:11,-60,iw,
10:31:22,c0:c7:0a:98:34:11,-60,iw,
10:31:23,c0:c7:0a:98:34:11,-61,iw,
10:31:24,c0:c7:0a:98:34:11,-60,iw,
10:31:25,c0:c7:0a:98:34:11,-61,iw,
10:31:26,c0:c7:0a:98:34:11,-62,iw,
10:31:27,c0:c7:0a:98:34:11,-61,iw,
10:31:28,c0:c7:0a:98:34:11,-62,iw,
10:31:29,c0:c7:0a:98:34:11,-62,iw,
10:31:30,c0:c7:0a:98:34:11,-61,iw,
10:31:31,c0:c7:0a:98:34:11,-62,iw,
10:31:32,c0:c7:0a:98:34:11,-62,iw,
10:31:33,c0:c7:0a:98:34:11,-62,iw,
10:31:34,c0:c7:0a:98:34:11,-60,iw,
10:31:35,c0:c7:0a:98:34:11,-60,iw,
10:31:36,c0:c7:0a:98:34:11,-63,iw,
10:31:37,c0:c7:0a:98:34:11,-60,iw,
10:31:38,c0:c7:0a:98:34:11,-63,iw,
10:31:39,c0:c7:0a:98:34:11,-60,iw,
10:31:40,c0:c7:0a:98:34:11,-60,iw,
10:31:41,c0:c7:0a:98:34:11,-58,iw,
10:31:42,c0:c7:0a:98:34:11,-62,iw,
10:31:43,c0:c7:0a:98:34:11,-61,iw,
10:31:44,c0:c7:0a:98:34:11,-62,iw,
10:31:45,c0:c7:0a:98:34:11,-61,iw,
10:31:46,c0:c7:0a:98:34:11,-60,iw,
10:31:47,c0:c7:0a:98:34:11,-51,iw,
10:31:48,c0:c7:0a:98:34:11,-57,iw,
10:31:49,c0:c7:0a:98:34:11,-56,iw,
10:31:50,c0:c7:0a:98:34:11,-47,iw,
10:31:51,c0:c7:0a:98:34:11,-50,iw,
10:31:52,c0:c7:0a:98:34:11,-55,iw,
10:31:53,c0:c7:0a:98:34:11,-56,iw,
10:31:54,c0:c7:0a:98:34:11,-60,iw,
10:31:55,c0:c7:0a:98:34:11,-60,iw,
10:31:56,c0:c7:0a:98:34:11,-60,iw,
10:31:57,c0:c7:0a:98:34:11,-56,iw,
10:31:58,c0:c7:0a:98:34:11,-57,iw,
10:31:59,c0:c7:0a:98:34:11,-58,iw,
10:32:00,c0:c7:0a:98:34:11,-50,iw,
10:32:01,c0:c7:0a:98:34:11,-56,iw,
10:32:02,c0:c7:0a:98:34:11,-51,iw,
10:32:03,c0:c7:0a:98:34:11,-53,iw,
10:32:04,c0:c7:0a:98:34:11,-53,iw,
10:32:05,c0:c7:0a:98:34:11,-54,iw,
10:32:06,c0:c7:0a:98:34:11,-58,iw,
10:32:07,c0:c7:0a:98:34:11,-54,iw,
10:32:08,c0:c7:0a:98:34:11,-55,iw,
10:32:09,c0:c7:0a:98:34:11,-54,iw,
10:32:10,c0:c7:0a:98:34:11,-61,iw,
10:32:11,c0:c7:0a:98:34:11,-56,iw,
10:32:12,c0:c7:0a:98:34:11,-64,iw,
10:32:13,c0:c7:0a:98:34:11,-65,iw,
10:32:14,c0:c7:0a:98:34:11,-60,iw,
10:32:15,c0:c7:0a:98:34:11,-60,iw,
10:32:16,c0:c7:0a:98:34:11,-61,iw,
10:32:17,c0:c7:0a:98:34:11,-62,iw,
10:32:18,c0:c7:0a:98:34:11,-62,iw,
10:32:19,c0:c7:0a:98:34:11,-64,iw,
10:32:20,c0:c7:0a:98:34:11,-59,iw,
10:32:21,c0:c7:0a:98:34:11,-58,iw,
10:32:22,c0:c7:0a:98:34:11,-61,iw,
10:32:23,c0:c7:0a:98:34:11,-63,iw,
10:32:24,c0:c7:0a:98:34:11,-66,iw,
10:32:25,c0:c7:0a:98:34:11,-62,iw,
10:32:26,c0:c7:0a:98:34:11,-64,iw,
10:32:27,c0:c7:0a:98:38:b1,-49,iw,YA
10:32:28,c0:c7:0a:98:38:b1,-49,iw,
10:32:29,c0:c7:0a:98:38:b1,-45,iw,
10:32:30,c0:c7:0a:98:38:b1,-51,iw,
10:32:31,c0:c7:0a:98:38:b1,-53,iw,
10:32:32,c0:c7:0a:98:38:b1,-57,iw,
10:32:33,c0:c7:0a:98:38:b1,-52,iw,
10:32:34,c0:c7:0a:98:38:b1,-54,iw,
10:32:35,c0:c7:0a:98:38:b1,-52,iw,
10:32:36,c0:c7:0a:98:38:b1,-48,iw,
10:32:37,c0:c7:0a:98:38:b1,-47,iw,
10:32:39,c0:c7:0a:98:38:b1,-47,iw,
10:32:40,c0:c7:0a:98:38:b1,-49,iw,
10:32:41,c0:c7:0a:98:38:b1,-49,iw,
10:32:42,c0:c7:0a:98:38:b1,-48,iw,
10:32:43,c0:c7:0a:98:38:b1,-52,iw,
10:32:44,c0:c7:0a:98:38:b1,-47,iw,
10:32:45,c0:c7:0a:98:38:b1,-48,iw,
10:32:46,c0:c7:0a:98:38:b1,-48,iw,
10:32:47,c0:c7:0a:98:38:b1,-52,iw,
10:32:48,c0:c7:0a:98:38:b1,-50,iw,
10:32:49,c0:c7:0a:98:38:b1,-53,iw,
10:32:50,c0:c7:0a:98:38:b1,-53,iw,
10:32:51,c0:c7:0a:98:38:b1,-49,iw,
10:32:52,c0:c7:0a:98:38:b1,-56,iw,
10:32:53,c0:c7:0a:98:38:b1,-53,iw,
10:32:54,c0:c7:0a:98:38:b1,-54,iw,
10:32:55,c0:c7:0a:98:38:b1,-51,iw,
10:32:56,c0:c7:0a:98:38:b1,-54,iw,
10:32:57,c0:c7:0a:98:38:b1,-54,iw,
10:32:58,c0:c7:0a:98:38:b1,-52,iw,
10:32:59,c0:c7:0a:98:38:b1,-53,iw,
10:33:00,c0:c7:0a:98:38:b1,-53,iw,
10:33:01,c0:c7:0a:98:38:b1,-53,iw,
10:33:02,c0:c7:0a:98:38:b1,-53,iw,
10:33:03,c0:c7:0a:98:38:b1,-51,iw,
10:33:04,c0:c7:0a:98:38:b1,-52,iw,
10:33:05,c0:c7:0a:98:38:b1,-54,iw,
10:33:06,c0:c7:0a:98:38:b1,-48,iw,
10:33:07,c0:c7:0a:98:38:b1,-49,iw,
10:33:08,c0:c7:0a:98:38:b1,-55,iw,
10:33:09,c0:c7:0a:98:38:b1,-49,iw,
10:33:10,c0:c7:0a:98:38:b1,-51,iw,
10:33:11,c0:c7:0a:98:38:b1,-48,iw,
10:33:12,c0:c7:0a:98:38:b1,-52,iw,
10:33:13,c0:c7:0a:98:38:b1,-53,iw,
10:33:14,c0:c7:0a:98:38:b1,-52,iw,
10:33:15,c0:c7:0a:98:38:b1,-53,iw,
10:33:16,c0:c7:0a:98:38:b1,-50,iw,
10:33:17,c0:c7:0a:98:38:b1,-51,iw,
10:33:18,c0:c7:0a:98:38:b1,-50,iw,
10:33:19,c0:c7:0a:98:38:b1,-47,iw,
10:33:20,c0:c7:0a:98:38:b1,-55,iw,
10:33:21,c0:c7:0a:98:38:b1,-54,iw,
10:33:22,c0:c7:0a:98:38:b1,-55,iw,
10:33:23,c0:c7:0a:98:38:b1,-57,iw,
10:33:24,c0:c7:0a:98:38:b1,-62,iw,
10:33:25,c0:c7:0a:98:38:b1,-59,iw,
10:33:26,c0:c7:0a:98:38:b1,-59,iw,
10:33:27,c0:c7:0a:98:38:b1,-61,iw,
10:33:28,c0:c7:0a:98:38:b1,-56,iw,
10:33:29,c0:c7:0a:98:38:b1,-58,iw,
10:33:30,c0:c7:0a:98:38:b1,-56,iw,
10:33:31,c0:c7:0a:98:38:b1,-54,iw,
10:33:32,c0:c7:0a:98:38:b1,-57,iw,
10:33:33,c0:c7:0a:98:38:b1,-60,iw,
10:33:34,c0:c7:0a:98:38:b1,-61,iw,
10:33:35,c0:c7:0a:98:38:b1,-61,iw,
10:33:36,c0:c7:0a:98:38:b1,-60,iw,
10:33:37,c0:c7:0a:98:38:b1,-64,iw,
10:33:38,c0:c7:0a:98:38:b1,-61,iw,
10:33:39,c0:c7:0a:98:38:b1,-66,iw,
10:33:40,c0:c7:0a:98:38:b1,-63,iw,
10:33:41,c0:c7:0a:98:38:b1,-57,iw,
10:33:42,c0:c7:0a:98:38:b1,-61,iw,
10:33:43,c0:c7:0a:98:38:b1,-64,iw,
10:33:44,c0:c7:0a:98:38:b1,-62,iw,
10:33:45,c0:c7:0a:98:38:b1,-55,iw,
10:33:46,c0:c7:0a:98:38:b1,-55,iw,
10:33:47,c0:c7:0a:98:38:b1,-52,iw,
10:33:48,c0:c7:0a:98:38:b1,-57,iw,
10:33:49,c0:c7:0a:98:38:b1,-53,iw,
10:33:50,c0:c7:0a:98:38:b1,-52,iw,
10:33:51,c0:c7:0a:98:38:b1,-61,iw,
10:33:52,c0:c7:0a:98:38:b1,-58,iw,
10:33:53,c0:c7:0a:98:38:b1,-61,iw,
10:33:54,c0:c7:0a:98:38:b1,-61,iw,
10:33:55,c0:c7:0a:98:38:b1,-61,iw,
10:33:56,c0:c7:0a:98:38:b1,-56,iw,
10:33:57,c0:c7:0a:98:38:b1,-58,iw,
10:33:58,c0:c7:0a:98:38:b1,-71,iw,
10:33:59,c0:c7:0a:98:38:b1,-67,iw,
10:34:00,c0:c7:0a:98:38:b1,-65,iw,
10:34:01,c0:c7:0a:98:38:b1,-62,iw,
10:34:02,c0:c7:0a:98:38:b1,-63,iw,
10:34:03,c0:c7:0a:98:38:b1,-62,iw,
10:34:04,c0:c7:0a:98:38:b1,-61,iw,
10:34:05,c0:c7:0a:98:38:b1,-62,iw,
10:34:06,c0:c7:0a:98:38:b1,-58,iw,
10:34:07,c0:c7:0a:98:38:b1,-55,iw,
10:34:08,c0:c7:0a:98:38:b1,-60,iw,
10:34:09,c0:c7:0a:98:38:b1,-69,iw,
10:34:10,c0:c7:0a:98:38:b1,-65,iw,
10:34:11,c0:c7:0a:98:38:b1,-73,iw,
10:34:12,c0:c7:0a:98:38:b1,-69,iw,
10:34:13,c0:c7:0a:98:34:d1,-70,iw,YA
10:34:14,c0:c7:0a:98:34:d1,-42,iw,
10:34:15,c0:c7:0a:98:34:d1,-45,iw,
10:34:16,c0:c7:0a:98:34:d1,-48,iw,
10:34:17,c0:c7:0a:98:34:d1,-51,iw,
10:34:18,c0:c7:0a:98:34:d1,-45,iw,
10:34:19,c0:c7:0a:98:34:d1,-47,iw,
10:34:20,c0:c7:0a:98:34:d1,-48,iw,
10:34:21,c0:c7:0a:98:34:d1,-54,iw,
10:34:22,c0:c7:0a:98:34:d1,-58,iw,
10:34:23,c0:c7:0a:98:34:d1,-45,iw,
10:34:24,c0:c7:0a:98:34:d1,-50,iw,
10:34:25,c0:c7:0a:98:34:d1,-49,iw,
10:34:26,c0:c7:0a:98:34:d1,-50,iw,
10:34:27,c0:c7:0a:98:34:d1,-53,iw,
10:34:28,c0:c7:0a:98:34:d1,-42,iw,
10:34:29,c0:c7:0a:98:34:d1,-52,iw,
10:34:30,c0:c7:0a:98:34:d1,-47,iw,
10:34:31,c0:c7:0a:98:34:d1,-45,iw,
10:34:32,c0:c7:0a:98:34:d1,-45,iw,
10:34:33,c0:c7:0a:98:34:d1,-46,iw,
10:34:34,c0:c7:0a:98:34:d1,-48,iw,
10:34:35,c0:c7:0a:98:34:d1,-44,iw,
10:34:36,c0:c7:0a:98:34:d1,-43,iw,
10:34:37,c0:c7:0a:98:34:d1,-49,iw,
10:34:38,c0:c7:0a:98:34:d1,-44,iw,
10:34:39,c0:c7:0a:98:34:d1,-44,iw,
10:34:40,c0:c7:0a:98:34:d1,-48,iw,
10:34:41,c0:c7:0a:98:34:d1,-55,iw,
10:34:42,c0:c7:0a:98:34:d1,-53,iw,
10:34:43,c0:c7:0a:98:34:d1,-52,iw,
10:34:44,c0:c7:0a:98:34:d1,-51,iw,
10:34:45,c0:c7:0a:98:34:d1,-47,iw,
10:34:46,c0:c7:0a:98:34:d1,-47,iw,
10:34:47,c0:c7:0a:98:34:d1,-47,iw,
10:34:48,c0:c7:0a:98:34:d1,-55,iw,
10:34:49,c0:c7:0a:98:34:d1,-52,iw,
10:34:50,c0:c7:0a:98:34:d1,-48,iw,
10:34:51,c0:c7:0a:98:34:d1,-49,iw,
10:34:52,c0:c7:0a:98:34:d1,-51,iw,
10:34:53,c0:c7:0a:98:34:d1,-45,iw,
10:34:54,c0:c7:0a:98:34:d1,-45,iw,
10:34:55,c0:c7:0a:98:34:d1,-52,iw,
10:34:56,c0:c7:0a:98:34:d1,-51,iw,
10:34:57,c0:c7:0a:98:34:d1,-51,iw,
10:34:58,c0:c7:0a:98:34:d1,-58,iw,
10:34:59,c0:c7:0a:98:34:d1,-47,iw,
10:35:00,c0:c7:0a:98:34:d1,-51,iw,
10:35:01,c0:c7:0a:98:34:d1,-52,iw,
10:35:02,c0:c7:0a:98:34:d1,-47,iw,
10:35:03,c0:c7:0a:98:34:d1,-50,iw,
10:35:04,c0:c7:0a:98:34:d1,-56,iw,
10:35:05,c0:c7:0a:98:34:d1,-57,iw,
10:35:06,c0:c7:0a:98:34:d1,-55,iw,
10:35:07,c0:c7:0a:98:34:d1,-57,iw,
10:35:08,c0:c7:0a:98:34:d1,-55,iw,
10:35:09,c0:c7:0a:98:34:d1,-59,iw,
10:35:10,c0:c7:0a:98:34:d1,-60,iw,
10:35:11,c0:c7:0a:98:34:d1,-62,iw,
10:35:12,c0:c7:0a:98:34:d1,-58,iw,
10:35:13,c0:c7:0a:98:34:d1,-63,iw,
10:35:14,c0:c7:0a:98:34:d1,-63,iw,
10:35:15,c0:c7:0a:98:34:d1,-60,iw,
10:35:16,c0:c7:0a:98:34:d1,-63,iw,
10:35:17,c0:c7:0a:98:34:d1,-57,iw,
10:35:18,c0:c7:0a:98:34:d1,-62,iw,
10:35:19,c0:c7:0a:98:34:d1,-58,iw,
10:35:20,c0:c7:0a:98:34:d1,-62,iw,
10:35:21,c0:c7:0a:98:34:d1,-62,iw,
10:35:22,c0:c7:0a:98:34:d1,-65,iw,
10:35:24,c0:c7:0a:98:34:d1,-63,iw,
10:35:25,c0:c7:0a:98:34:d1,-65,iw,
10:35:26,c0:c7:0a:98:34:d1,-66,iw,
10:35:27,c0:c7:0a:98:34:d1,-64,iw,
10:35:28,c0:c7:0a:98:34:d1,-65,iw,
10:35:29,c0:c7:0a:98:34:d1,-66,iw,
10:35:30,c0:c7:0a:98:34:d1,-64,iw,
10:35:31,c0:c7:0a:98:34:d1,-68,iw,
10:35:32,,,iw,
10:35:33,c0:c7:0a:98:3a:52,-39,iw,YA
10:35:34,c0:c7:0a:98:3a:52,-50,iw,
10:35:35,c0:c7:0a:98:3a:52,-54,iw,
10:35:36,c0:c7:0a:98:3a:52,-54,iw,
10:35:37,c0:c7:0a:98:3a:52,-60,iw,
10:35:38,c0:c7:0a:98:3a:52,-53,iw,
10:35:39,c0:c7:0a:98:3a:52,-54,iw,
10:35:40,c0:c7:0a:98:3a:52,-52,iw,
10:35:41,c0:c7:0a:98:3a:52,-58,iw,
10:35:42,c0:c7:0a:98:3a:52,-58,iw,
10:35:43,c0:c7:0a:98:3a:52,-51,iw,
10:35:44,c0:c7:0a:98:3a:52,-56,iw,
10:35:45,c0:c7:0a:98:3a:52,-52,iw,
10:35:46,c0:c7:0a:98:3a:52,-51,iw,
10:35:47,c0:c7:0a:98:3a:52,-54,iw,
10:35:48,c0:c7:0a:98:3a:52,-53,iw,
10:35:49,c0:c7:0a:98:3a:52,-53,iw,
10:35:50,c0:c7:0a:98:3a:52,-51,iw,
10:35:51,c0:c7:0a:98:3a:52,-56,iw,
10:35:52,c0:c7:0a:98:3a:52,-54,iw,
10:35:53,c0:c7:0a:98:3a:52,-55,iw,
10:35:54,c0:c7:0a:98:3a:52,-52,iw,
10:35:55,c0:c7:0a:98:3a:52,-48,iw,
10:35:56,c0:c7:0a:98:3a:52,-53,iw,
10:35:57,c0:c7:0a:98:3a:52,-61,iw,
10:35:58,c0:c7:0a:98:3a:52,-62,iw,
10:35:59,c0:c7:0a:98:3a:52,-60,iw,
10:36:00,c0:c7:0a:98:3a:52,-57,iw,
10:36:01,c0:c7:0a:98:3a:52,-61,iw,
10:36:02,c0:c7:0a:98:3a:52,-67,iw,
10:36:03,c0:c7:0a:98:3a:52,-61,iw,
10:36:04,c0:c7:0a:98:3a:52,-64,iw,
10:36:05,c0:c7:0a:98:3a:52,-58,iw,
10:36:06,c0:c7:0a:98:3a:52,-62,iw,
10:36:07,c0:c7:0a:98:3a:52,-58,iw,
10:36:08,c0:c7:0a:98:3a:52,-63,iw,
10:36:09,c0:c7:0a:98:3a:52,-61,iw,
10:36:10,c0:c7:0a:98:3a:52,-61,iw,
10:36:11,c0:c7:0a:98:3a:52,-63,iw,
10:36:12,c0:c7:0a:98:3a:52,-67,iw,
10:36:13,c0:c7:0a:98:3a:52,-62,iw,
10:36:14,c0:c7:0a:98:3a:52,-66,iw,
10:36:15,c0:c7:0a:98:3a:52,-60,iw,
10:36:16,c0:c7:0a:98:3a:52,-57,iw,
10:36:17,c0:c7:0a:98:3a:52,-56,iw,
10:36:18,c0:c7:0a:98:3a:52,-58,iw,
10:36:19,c0:c7:0a:98:3a:52,-63,iw,
10:36:20,c0:c7:0a:98:3a:52,-63,iw,
10:36:21,c0:c7:0a:98:3a:52,-63,iw,
10:36:22,c0:c7:0a:98:3a:52,-58,iw,
10:36:23,c0:c7:0a:98:3a:52,-58,iw,
10:36:24,c0:c7:0a:98:3a:52,-64,iw,
10:36:25,c0:c7:0a:98:3a:52,-64,iw,
10:36:26,c0:c7:0a:98:3a:52,-61,iw,
10:36:27,c0:c7:0a:98:3a:52,-68,iw,
10:36:28,c0:c7:0a:98:3a:52,-68,iw,
10:36:29,c0:c7:0a:98:3a:52,-69,iw,
10:36:30,c0:c7:0a:98:3a:52,-65,iw,
10:36:31,c0:c7:0a:98:3a:52,-66,iw,
10:36:32,c0:c7:0a:98:3a:52,-67,iw,
10:36:33,c0:c7:0a:98:3a:52,-64,iw,
10:36:34,c0:c7:0a:98:3a:52,-74,iw,
10:36:35,c0:c7:0a:98:3a:52,-75,iw,
10:36:36,c0:c7:0a:98:3a:52,-71,iw,
10:36:37,c0:c7:0a:98:3a:52,-73,iw,
10:36:38,c0:c7:0a:98:3a:c1,-66,iw,YA
10:36:39,c0:c7:0a:98:3a:c1,-71,iw,
10:36:40,c0:c7:0a:98:3a:c1,-64,iw,
10:36:41,c0:c7:0a:98:3a:c1,-68,iw,
10:36:42,c0:c7:0a:98:3a:c1,-65,iw,
10:36:43,c0:c7:0a:98:3a:c1,-64,iw,
10:36:44,c0:c7:0a:98:3a:c1,-68,iw,
10:36:45,c0:c7:0a:98:3a:c1,-65,iw,
10:36:46,c0:c7:0a:98:3a:c1,-65,iw,
10:36:47,c0:c7:0a:98:3a:c1,-67,iw,
10:36:48,c0:c7:0a:98:3a:c1,-68,iw,
10:36:49,c0:c7:0a:98:3a:c1,-67,iw,
10:36:50,c0:c7:0a:98:3a:c1,-66,iw,
10:36:51,c0:c7:0a:98:3a:c1,-67,iw,
10:36:52,c0:c7:0a:98:3a:c1,-67,iw,
10:36:53,c0:c7:0a:98:3a:c1,-65,iw,
10:36:54,c0:c7:0a:98:3a:c1,-69,iw,
10:36:55,c0:c7:0a:98:3a:c1,-69,iw,
10:36:56,c0:c7:0a:98:3a:c1,-70,iw,
10:36:57,c0:c7:0a:98:3a:c1,-67,iw,
10:36:58,c0:c7:0a:98:3a:c1,-70,iw,
10:36:59,c0:c7:0a:98:3a:c1,-66,iw,
10:37:00,c0:c7:0a:98:3a:c1,-62,iw,
10:37:01,c0:c7:0a:98:3a:c1,-63,iw,
10:37:02,c0:c7:0a:98:3a:c1,-59,iw,
10:37:03,c0:c7:0a:98:3a:c1,-56,iw,
10:37:04,c0:c7:0a:98:3a:c1,-60,iw,
10:37:05,c0:c7:0a:98:3a:c1,-58,iw,
10:37:06,c0:c7:0a:98:3a:c1,-56,iw,
10:37:07,c0:c7:0a:98:3a:c1,-53,iw,
10:37:08,c0:c7:0a:98:3a:c1,-50,iw,
10:37:09,c0:c7:0a:98:3a:c1,-53,iw,
10:37:10,c0:c7:0a:98:3a:c1,-54,iw,
10:37:11,c0:c7:0a:98:3a:c1,-54,iw,
10:37:12,c0:c7:0a:98:3a:c1,-52,iw,
10:37:13,c0:c7:0a:98:3a:c1,-54,iw,
10:37:14,c0:c7:0a:98:3a:c1,-54,iw,
10:37:15,c0:c7:0a:98:3a:c1,-57,iw,
10:37:16,c0:c7:0a:98:3a:c1,-67,iw,
10:37:17,c0:c7:0a:98:3a:c1,-57,iw,
10:37:18,c0:c7:0a:98:3a:c1,-59,iw,
10:37:19,c0:c7:0a:98:3a:c1,-59,iw,
10:37:20,c0:c7:0a:98:3a:c1,-59,iw,
10:37:21,c0:c7:0a:98:3a:c1,-62,iw,
10:37:22,c0:c7:0a:98:3a:c1,-66,iw,
10:37:23,c0:c7:0a:98:3a:c1,-63,iw,
10:37:24,c0:c7:0a:98:3a:c1,-66,iw,
10:37:25,c0:c7:0a:98:3a:c1,-67,iw,
10:37:26,c0:c7:0a:98:3a:c1,-68,iw,
10:37:27,c0:c7:0a:98:3a:c1,-65,iw,
10:37:28,c0:c7:0a:98:3a:c1,-65,iw,
10:37:29,c0:c7:0a:98:3a:c1,-75,iw,
10:37:30,c0:c7:0a:98:3a:c1,-68,iw,
10:37:31,c0:c7:0a:98:3a:c1,-66,iw,
10:37:32,c0:c7:0a:98:3a:c1,-68,iw,
10:37:33,c0:c7:0a:98:3a:c1,-66,iw,
10:37:34,c0:c7:0a:98:3a:c1,-70,iw,
10:37:35,c0:c7:0a:98:3a:c1,-69,iw,
10:37:36,c0:c7:0a:98:3a:c1,-73,iw,
10:37:37,c0:c7:0a:98:3a:c1,-69,iw,
10:37:38,c0:c7:0a:98:3a:c1,-74,iw,
10:37:39,c0:c7:0a:98:3a:c1,-69,iw,
10:37:40,c0:c7:0a:98:3a:c1,-67,iw,
10:37:41,c0:c7:0a:98:3a:c1,-70,iw,
10:37:42,c0:c7:0a:98:3a:c1,-69,iw,
10:37:43,c0:c7:0a:98:3a:c1,-70,iw,
10:37:44,c0:c7:0a:98:3a:c1,-69,iw,
10:37:45,c0:c7:0a:98:3a:c1,-69,iw,
10:37:46,c0:c7:0a:98:3a:c1,-70,iw,
10:37:47,c0:c7:0a:98:3a:c1,-68,iw,
10:37:48,c0:c7:0a:98:3a:c1,-68,iw,
10:37:49,c8:a6:08:8b:1e:a1,-60,iw,YA
10:37:50,c8:a6:08:8b:1e:a1,-58,iw,
10:37:51,c8:a6:08:8b:1e:a1,-58,iw,
10:37:52,c8:a6:08:8b:1e:a1,-61,iw,
10:37:53,c8:a6:08:8b:1e:a1,-60,iw,
10:37:54,c8:a6:08:8b:1e:a1,-60,iw,
10:37:55,c8:a6:08:8b:1e:a1,-59,iw,
10:37:56,c8:a6:08:8b:1e:a1,-62,iw,
10:37:57,c8:a6:08:8b:1e:a1,-62,iw,
10:37:58,c8:a6:08:8b:1e:a1,-58,iw,
10:37:59,c8:a6:08:8b:1e:a1,-61,iw,
10:38:00,c8:a6:08:8b:1e:a1,-57,iw,
10:38:01,c8:a6:08:8b:1e:a1,-59,iw,
10:38:02,c8:a6:08:8b:1e:a1,-58,iw,
10:38:03,c8:a6:08:8b:1e:a1,-62,iw,
10:38:04,c8:a6:08:8b:1e:a1,-55,iw,
10:38:06,c8:a6:08:8b:1e:a1,-55,iw,
10:38:07,c8:a6:08:8b:1e:a1,-58,iw,
