titik_id,lantai,x_px,y_px,jenis_area,keterangan
L4-001,4,213,249,,
L4-002,4,359,249,,
L4-003,4,504,248,,
L4-004,4,215,505,,
L4-005,4,357,501,,
L4-006,4,507,502,,
L4-007,4,213,381,,
L4-008,4,363,381,,
L4-009,4,505,379,,
L4-010,4,653,381,,
L4-011,4,763,282,,
L4-012,4,851,310,,
L4-013,4,1003,308,,
L4-014,4,1145,308,,
L4-015,4,848,178,,
L4-016,4,1004,197,,
L4-017,4,1142,194,,
L4-018,4,999,108,,
L4-019,4,1238,144,,
L4-020,4,1243,378,,
L4-021,4,1247,607,,
L4-022,4,1140,563,,
L4-023,4,1002,639,,
L4-024,4,1005,558,,
L4-025,4,827,606,,
L4-026,4,762,489,,
L4-027,4,855,447,,
L4-028,4,1008,447,,
L4-029,4,1144,442,,
